Workbook

Sheet Sheet1
A1: Group | B1: Participant Key | C1: Age Range | D1: Gender | E1: Current Occupation | F1: Years of Programming Experience | G1: Familiarity with LLM Based Autonomous Agents | H1: Experience with LLM Based Autonomous Agents and Frameworks | I1: What text editor are you the most familiar with?
A2: B | B2: fe6c | C2: 25-34 | D2: Female | E2: PhD Candidate in Computer Science | F2: 5-10 years | G2: Basic (heard of them) | H2: RepairAgent | I2: VS Code
A3: B | B3: 67c3 | C3: 25-34 | D3: Male | E3: Bachelor's Computer Science Student | F3: 3-5 years | G3: None | I3: VS Code
A4: A | B4: 0078 | C4: 18-24 | D4: Male | E4: Bachelor's Computer Science Student | F4: 1-3 years | G4: None | I4: -
A5: A | B5: 1d20 | C5: 25-34 | D5: Male | E5: PhD Candidate in Computer Science | F5: 5-10 years | G5: Moderate (configured and used them) | H5: Some knowledge of AutoGPT, used agentic modes of copilot and Gemini | I5: VS Code
A6: A | B6: 33c6 | C6: 18-24 | D6: Male | E6: Master's Computer Science Student | F6: 3-5 years | G6: Advanced (developed them or analyzed them) | H6: RepairAgent, ExecutionAgent, AutoGPT, Codex, GitHub Copilot Coding Agent | I6: VS Code
A7: B | B7: 49f7 | C7: 18-24 | D7: Male | E7: Bachelor's Computer Science Student | F7: 5-10 years | G7: Basic (heard of them) | I7: VS Code
A8: A | B8: 536e | C8: 18-24 | D8: Male | E8: Bachelor's Computer Science Student | F8: 1-3 years | G8: None | I8: VS Code
A9: B | B9: 5694 | C9: 18-24 | D9: Male | E9: Bachelor's Computer Science Student | F9: 1-3 years | G9: None | I9: VS Code
A10: B | B10: bdb6 | C10: 25-34 | D10: Male | E10: PhD Candidate in Computer Science | F10: 3-5 years | G10: Advanced (developed them or analyzed them) | H10: OpenHands | I10: VS Code
A11: A | B11: bdf7 | C11: 25-34 | D11: Female | E11: PhD Candidate in Computer Science | F11: 10+ years | G11: Basic (heard of them) | I11: VS Code
A12: A | B12: 18e7 | C12: 25-34 | D12: Male | E12: PhD Candidate in Computer Science | F12: 3-5 years | G12: Advanced (developed them or analyzed them) | H12: AutoGPT, LangChain, AutoGen | I12: VS Code
A13: B | B13: e43c | C13: 25-34 | D13: Male | E13: PhD Candidate in Computer Science | F13: 3-5 years | G13: Moderate (configured and used them) | H13: AutoCodeRover, Claude Code, Amazon Q | I13: VS Code
A16: Group A (Using Agent Debugger)
A17: Age Range Distribution | E17: Occupation Distribution | G17: Programming Experience Distribution | I17: Familiarity with LLM Agents Distribution
A18: 18-24 | B18: =COUNTIFS($A$2:$A$13,"A",C$2:C$13,A18) -> 3 | E18: Bachelor's Computer Science Student | F18: =COUNTIFS($A$2:$A$13,"A",E$2:E$13,E18) -> 2 | G18: 1-3 years | H18: =COUNTIFS($A$2:$A$13,"A",F$2:F$13,G18) -> 2 | I18: None | J18: =COUNTIFS($A$2:$A$13,"A",G$2:G$13,I18) -> 2
A19: 25-34 | B19: =COUNTIFS($A$2:$A$13,"A",C$2:C$13,A19) -> 3 | E19: Master's Computer Science Student | F19: =COUNTIFS($A$2:$A$13,"A",E$2:E$13,E19) -> 1 | G19: 3-5 years | H19: =COUNTIFS($A$2:$A$13,"A",F$2:F$13,G19) -> 2 | I19: Basic (heard of them) | J19: =COUNTIFS($A$2:$A$13,"A",G$2:G$13,I19) -> 1
E20: PhD Candidate in Computer Science | F20: =COUNTIFS($A$2:$A$13,"A",E$2:E$13,E20) -> 3 | G20: 5-10 years | H20: =COUNTIFS($A$2:$A$13,"A",F$2:F$13,G20) -> 1 | I20: Moderate (configured and used them) | J20: =COUNTIFS($A$2:$A$13,"A",G$2:G$13,I20) -> 1
G21: 10+ years | H21: =COUNTIFS($A$2:$A$13,"A",F$2:F$13,G21) -> 1 | I21: Advanced (developed them or analyzed them) | J21: =COUNTIFS($A$2:$A$13,"A",G$2:G$13,I21) -> 2
A23: Group B (Using a Text Editor)
A24: Age Range Distribution | E24: Occupation Distribution | G24: Programming Experience Distribution | I24: Familiarity with LLM Agents Distribution
A25: 18-24 | B25: =COUNTIFS($A$2:$A$13,"B",C$2:C$13,A25) -> 2 | E25: Bachelor's Computer Science Student | F25: =COUNTIFS($A$2:$A$13,"B",E$2:E$13,E25) -> 3 | G25: 1-3 years | H25: =COUNTIFS($A$2:$A$13,"B",F$2:F$13,G25) -> 1 | I25: None | J25: =COUNTIFS($A$2:$A$13,"B",G$2:G$13,I25) -> 2
A26: 25-34 | B26: =COUNTIFS($A$2:$A$13,"B",C$2:C$13,A26) -> 4 | E26: Master's Computer Science Student | F26: =COUNTIFS($A$2:$A$13,"B",E$2:E$13,E26) -> 0 | G26: 3-5 years | H26: =COUNTIFS($A$2:$A$13,"B",F$2:F$13,G26) -> 3 | I26: Basic (heard of them) | J26: =COUNTIFS($A$2:$A$13,"B",G$2:G$13,I26) -> 2
E27: PhD Candidate in Computer Science | F27: =COUNTIFS($A$2:$A$13,"B",E$2:E$13,E27) -> 3 | G27: 5-10 years | H27: =COUNTIFS($A$2:$A$13,"B",F$2:F$13,G27) -> 2 | I27: Moderate (configured and used them) | J27: =COUNTIFS($A$2:$A$13,"B",G$2:G$13,I27) -> 1
G28: 10+ years | H28: =COUNTIFS($A$2:$A$13,"B",F$2:F$13,G28) -> 0 | I28: Advanced (developed them or analyzed them) | J28: =COUNTIFS($A$2:$A$13,"B",G$2:G$13,I28) -> 1

Sheet Export PDF
A2: =Sheet1!A1 -> Group | B2: =Sheet1!B1 -> Participant Key
A3: =Sheet1!A2 -> B | B3: =Sheet1!B2 -> fe6c
A4: =Sheet1!A3 -> B | B4: =Sheet1!B3 -> 67c3
A5: =Sheet1!A4 -> A | B5: =Sheet1!B4 -> 0078
A6: =Sheet1!A5 -> A | B6: =Sheet1!B5 -> 1d20
A7: =Sheet1!A6 -> A | B7: =Sheet1!B6 -> 33c6
A8: =Sheet1!A7 -> B | B8: =Sheet1!B7 -> 49f7
A9: =Sheet1!A8 -> A | B9: =Sheet1!B8 -> 536e
A10: =Sheet1!A9 -> B | B10: =Sheet1!B9 -> 5694
A11: =Sheet1!A10 -> B | B11: =Sheet1!B10 -> bdb6
A12: =Sheet1!A11 -> A | B12: =Sheet1!B11 -> bdf7
A13: =Sheet1!A12 -> A | B13: =Sheet1!B12 -> 18e7
A14: =Sheet1!A13 -> B | B14: =Sheet1!B13 -> e43c
A16: A: With Agent Debugger
A17: B: With Text Viewer
